{"semiseg_2d_ggo": {"dice": {"mean": 0.6493887637341156, "std": 0.20984685178535936}, "false_negative_error": {"mean": 0.3486784022810951, "std": 0.20904111222696362}, "false_positive_error": {"mean": 0.29967016007280345, "std": 0.194346475130671}, "jaccard": {"mean": 3.595386269724631e+306, "std": Infinity}, "volume_similarity": {"mean": 3.595386269724631e+306, "std": Infinity}, "abs_volume_similarity": {"mean": -1.7976931348623156e+306, "std": Infinity}, "avg_hd": {"mean": 4.864549895818532, "std": 5.180283492956911}, "hd": {"mean": 78.36595741861481, "std": 56.27763810961849}, "sensitivity": {"mean": 0.6367933309571926, "std": 0.20060453882862272}, "specificity": {"mean": 0.9893210889893039, "std": 0.011094264979578237}, "precision": {"mean": 0.6942141223746903, "std": 0.19149746718044988}, "smooth_dice": {"mean": 64.93959999999998, "std": 20.984925919335527}, "false_positive_rate": {"mean": 1.0678599999999998, "std": 1.109457236850524}, "false_negative_rate": {"mean": 38.8678, "std": 23.281693087917812}, "smooth_sensitivity": {"mean": 61.13219999999999, "std": 23.281693087917812}, "smooth_specificity": {"mean": 98.93214, "std": 1.1094572368505247}, "smooth_precision": {"mean": 70.03294, "std": 19.434698492551924}}, "semiseg_2d_consolidation": {"dice": {"mean": 0.5769309854556685, "std": 0.29307313426454484}, "false_negative_error": {"mean": 0.3634770364650775, "std": 0.2696565459942699}, "false_positive_error": {"mean": 0.3294236091277356, "std": 0.2810979814012969}, "jaccard": {"mean": Infinity, "std": Infinity}, "volume_similarity": {"mean": Infinity, "std": Infinity}, "abs_volume_similarity": {"mean": -Infinity, "std": Infinity}, "avg_hd": {"mean": 9.616956918758337, "std": 12.306591006312257}, "hd": {"mean": 95.98655531611665, "std": 66.90352157058759}, "sensitivity": {"mean": 0.5340037994037468, "std": 0.21319093055192054}, "specificity": {"mean": 0.994367999682688, "std": 0.01025442270113634}, "precision": {"mean": 0.6078290367526957, "std": 0.2635508790008908}, "smooth_dice": {"mean": 57.693400000000004, "std": 29.3073578208613}, "false_positive_rate": {"mean": 0.56312, "std": 1.025403815869631}, "false_negative_rate": {"mean": 58.347699999999996, "std": 29.049047269919196}, "smooth_sensitivity": {"mean": 41.652300000000004, "std": 29.049047269919196}, "smooth_specificity": {"mean": 99.43688, "std": 1.0254038158696321}, "smooth_precision": {"mean": 67.05766, "std": 28.109819892421935}}, "coronacases_3d_inf": {"dice": {"mean": 0.8135291858795479, "std": 0.06652757121479057}, "false_negative_error": {"mean": 0.1652826958455593, "std": 0.1218182096414322}, "false_positive_error": {"mean": 0.18548197424264676, "std": 0.08417444667991547}, "jaccard": {"mean": 0.6906814347704804, "std": 0.08952053278679475}, "volume_similarity": {"mean": 0.018041095079191983, "std": 0.24136712014902803}, "abs_volume_similarity": {"mean": 0.9184909859514463, "std": 0.08945486336139376}, "avg_hd": {"mean": 0.5759215029395126, "std": 0.2985194499315656}, "hd": {"mean": 117.17533129757453, "std": 62.0922034985364}, "sensitivity": {"mean": 0.8347173041544407, "std": 0.1218182096414322}, "specificity": {"mean": 0.9988212383395796, "std": 0.0010165322636769925}, "precision": {"mean": 0.8145180257573532, "std": 0.08417444667991549}, "smooth_dice": {"mean": 81.354, "std": 6.652831276982755}, "false_positive_rate": {"mean": 0.11779999999999999, "std": 0.10152221431785263}, "false_negative_rate": {"mean": 16.5282, "std": 12.181777126511548}, "smooth_sensitivity": {"mean": 83.4718, "std": 12.18177712651155}, "smooth_specificity": {"mean": 99.8822, "std": 0.10152221431785317}, "smooth_precision": {"mean": 81.45169999999999, "std": 8.417544107992548}}}